Year,Month,DPM_t_C_ha,RPM_t_C_ha,BIO_t_C_ha,HUM_t_C_ha,IOM_t_C_ha,SOC_t_C_ha,deltaC
2011,1,0.2572525836140254,4.101474852097236,0.48425749630976955,18.264340955814763,2.25,25.357325887835795,-125.67024838410123
2011,2,0.21888384701718158,4.125385216950841,0.4883340256116692,18.269294507997927,2.25,25.35189759757762,-125.66079842527967
2011,3,0.2413911924488682,4.1974564709907645,0.4905010290485428,18.272179394514367,2.25,25.451528087002544,-125.29127655596494
2011,4,0.2887542282563555,4.206475922608578,0.49372779406058137,18.27633172629455,2.25,25.515289671220067,-125.05449211350029
2011,5,0.2917721413945048,4.192108012527063,0.4993422667816408,18.283344736611976,2.25,25.516567157315187,-125.04936027356206
2011,6,0.24471278789114015,4.137308824026752,0.5042858233008795,18.28990072539087,2.25,25.42620816060964,-125.3721661892323
2011,7,0.2078159861147369,3.9749671255478716,0.4979539328295521,18.281873150281296,2.25,25.212610194773458,-126.11570769534575
2011,8,0.13797251069021832,3.8152121362642046,0.48410288791049083,18.26232644695113,2.25,24.949613981816043,-127.05656110827147
2011,9,0.1442315688005617,3.7197989873254342,0.46830084023453233,18.239813192534726,2.25,24.822144588895256,-127.54788816936313
2011,10,0.20955179365914667,3.8076475617373156,0.46534263592646624,18.235137551159855,2.25,24.967679542482784,-127.03875199044911
2011,11,0.19490287132808268,3.8392741701621373,0.46741871043493244,18.23693285360986,2.25,24.988528605535013,-126.99635164130096
2011,12,0.2150312876515035,3.8961981646361354,0.46879234533436925,18.238315386087752,2.25,25.06833718370976,-126.74990276508468
2012,1,0.1959633411319727,3.9208508353504885,0.4711095846309244,18.240649938263754,2.25,25.078573699377138,-126.67712326823921
2012,2,0.21533844379541772,3.9777377733181294,0.47255987323883925,18.24219799901908,2.25,25.157834089371466,-126.36825334702273
2012,3,0.2318042671782452,4.048029640323385,0.4749388540492078,18.24468130459343,2.25,25.24945406614427,-126.01756889723504
2012,4,0.31859335521106247,4.098245847091809,0.47799095688411486,18.2481066253314,2.25,25.392936784518383,-125.4950460762535
2012,5,0.32182316855878923,4.100921829062607,0.4862314777156786,18.25700426831765,2.25,25.415980743654725,-125.40781829638392
2012,6,0.2723293280001883,4.047981392463024,0.49334560059098725,18.264536325410248,2.25,25.328192646464448,-125.71781634558099
2012,7,0.2164113838346867,3.8824773822787706,0.4892650158399082,18.256967676722414,2.25,25.09512145867578,-126.54588936585209
2012,8,0.16263785673211334,3.750655515552025,0.47586755552489507,18.235884354102566,2.25,24.8750452819116,-127.34242381694926
2012,9,0.1426636292823179,3.6748246205929824,0.464972885459332,18.21895074000283,2.25,24.75141187533746,-127.82431430774766
2012,10,0.1896530380300267,3.743544467136483,0.4626180346517964,18.215048589864566,2.25,24.86086412968287,-127.44521209929682
2012,11,0.19805093378953575,3.7890355416205237,0.4638898705293287,18.216074734417003,2.25,24.91705108035639,-127.26202549203647
2012,12,0.24016364211608004,3.87415294226556,0.4653459581224322,18.217493659241864,2.25,25.047156201745935,-126.82751196977482
2013,1,0.2046630512051067,3.895111637358348,0.46887792350569907,18.221034792390057,2.25,25.03968740445921,-126.82135425385121
2013,2,0.22147035208665633,3.956519466632531,0.47072855140042913,18.222924676041632,2.25,25.121643046161246,-126.50509288475843
2013,3,0.22939517048909402,4.012627666410409,0.47318045123714153,18.225597712322674,2.25,25.190801000459317,-126.24949531990181
2013,4,0.2846540345503913,4.040709657124752,0.47622247098653636,18.22889102568839,2.25,25.28047718835007,-125.92857154735138
2013,5,0.3363473414033365,4.080450509807464,0.4818177620313646,18.235270887595927,2.25,25.38388650083809,-125.57218923342329
2013,6,0.29026255311506877,4.060881187949443,0.4909277778417888,18.24555012420252,2.25,25.337621643108818,-125.74917253923789
2013,7,0.23018756501204352,3.859640373223018,0.4856281729211823,18.234356501096663,2.25,25.059812612252905,-126.72777066950903
2013,8,0.166610740671468,3.7606116322865994,0.47646373248517654,18.219115420025357,2.25,24.872801525468603,-127.40800009880071
2013,9,0.14568137612652382,3.685773234769593,0.4657357161067801,18.202457620914252,2.25,24.749647947917147,-127.89015410940452
2013,10,0.19019959780612672,3.748631083554087,0.46273343167800224,18.19754996897376,2.25,24.849114082011976,-127.57484355377157
2013,11,0.19697663214205097,3.7932430714029666,0.4640285217135236,18.19858605907003,2.25,24.902834284328573,-127.41398523710068
2013,12,0.2637727403388299,3.9008417901719254,0.4651726664663729,18.19977098482075,2.25,25.07955818179788,-126.84028106930623
2014,1,0.2364705868126819,3.9447722510095455,0.46979751660147046,18.20460353965937,2.25,25.10564389408307,-126.69905139822579
2014,2,0.24189998159989226,4.012177021448073,0.4730896886814458,18.20811179254763,2.25,25.185278484277042,-126.38547133656131
2014,3,0.214812593103649,4.038989216379592,0.4765467995449629,18.2119776834281,2.25,25.192326292456304,-126.3531853796872
2014,4,0.2911169694984075,4.061122268669412,0.4785433021781316,18.213889210486588,2.25,25.29467175083254,-125.98392538211745
2014,5,0.3020070250041365,4.06803143278425,0.4849028623924932,18.22100655365454,2.25,25.325947873835418,-125.88093600783634
2014,6,0.27749767753272836,4.031290233631058,0.4909062073921646,18.227454787028183,2.25,25.277148905584134,-126.06624059538251
2014,7,0.19340786067185403,3.8573576005259214,0.4878829605404902,18.221082252484035,2.25,25.0097306742223,-127.02560295998123
2014,8,0.14727024700810226,3.746691836346938,0.4758797429063315,18.203411782443606,2.25,24.823253608704977,-127.71627701215816
2014,9,0.1368121706179913,3.646442634379543,0.46157600238852753,18.1815968042898,2.25,24.676427611675862,-128.2775157715156
2014,10,0.19234359354039293,3.7130845237134604,0.45751811896547057,18.17491576041121,2.25,24.787861996630532,-127.92116185534186
2014,11,0.19193424036743098,3.753784138712548,0.4589557212572913,18.175749067322506,2.25,24.830423167659777,-127.80089524036708
2014,12,0.23566316749876237,3.839035034543444,0.4602963913055629,18.176935115871572,2.25,24.96192970921934,-127.38070358007991
2015,1,0.2327021262360794,3.8907959110867494,0.4634224579021509,18.18006085607937,2.25,25.01698135130435,-127.14336162601403
2015,2,0.22801727741800798,3.9327416886074786,0.4661668618326994,18.182946067983803,2.25,25.05987189584199,-126.97231228666972
2015,3,0.22174577009196686,3.9792972930569,0.469131433268254,18.18599636411843,2.25,25.106170860535553,-126.79506726752533
2015,4,0.26436311416246516,3.9902273184601467,0.4718879923245569,18.18856070213348,2.25,25.165039127080647,-126.58020317851648
2015,5,0.2463969720850544,3.961681267394171,0.47661441514512465,18.193005025599,2.25,25.12769768022335,-126.70721467699563
2015,6,0.23106310919112785,3.9025017554801655,0.47830999420367476,18.193415276598763,2.25,25.055290135473733,-126.97939969860595
2015,7,0.18450688433842724,3.6870442844747555,0.4680189570045488,18.17405993739347,2.25,24.763630063211203,-128.038953359229
2015,8,0.13413060057293608,3.558165579472949,0.4551998650211941,18.15120331556199,2.25,24.54869936062907,-128.82498631290406
2015,9,0.14861379176565295,3.5251884184265494,0.44508713186456544,18.133697666946436,2.25,24.502587009003204,-129.01130406865425
2015,10,0.2036302492702794,3.612204339076827,0.4437183890297924,18.129894767691265,2.25,24.639447745068164,-128.56253892587966
2015,11,0.21774435066980494,3.6793436948100777,0.44591970988593244,18.1310417831535,2.25,24.724049538519314,-128.29933964462148
2015,12,0.24771619577036885,3.755576780550401,0.4480835644160439,18.132938222102492,2.25,24.834314762839306,-127.92963877747721
2016,1,0.20473874775663353,3.7752140196671524,0.4523962916899172,18.136645777220043,2.25,24.818994836333744,-127.94835393108129
2016,2,0.183200168035338,3.796451738064131,0.4546366027678603,18.138141106614526,2.25,24.822429615481855,-127.91671047565822
2016,3,0.22828639266472817,3.8826306595799354,0.45592198147696245,18.139068827688394,2.25,24.95590786141002,-127.42348353162613
2016,4,0.3213012938311455,3.937133324133019,0.459228805175423,18.142058263668563,2.25,25.10972168680815,-126.87143420195856
2016,5,0.28383139578207617,3.9269041299614926,0.46810333860618997,18.150852932494765,2.25,25.079691796844525,-126.98657324549056
2016,6,0.2780693932948049,3.899267542850219,0.4734901909511003,18.155098061151794,2.25,25.05592518824792,-127.07105711065647
2016,7,0.20586042588732875,3.721508211935409,0.47028340548541586,18.144767541417963,2.25,24.792419584726115,-128.03564493260765
2016,8,0.1336435743833314,3.582458738468253,0.4588738372892748,18.12381673282717,2.25,24.54879288296803,-128.9241056500946
2016,9,0.1326181485624707,3.491018658939745,0.4445214050008118,18.099550648741626,2.25,24.417708861244655,-129.423343209071
2016,10,0.18585803493453995,3.5630408321010894,0.44177581932688276,18.093881762132558,2.25,24.53455644849507,-129.0210649780027
2016,11,0.199221081145059,3.6173814422330666,0.4432169977775962,18.09438280875138,2.25,24.604202329907103,-128.8085604297069
2016,12,0.23498389008406306,3.6949790861182006,0.44486603334743324,18.09564069488974,2.25,24.720469704439438,-128.41797431335988
2017,1,0.24817332371472545,3.7658802881617786,0.4480454294804905,18.098458382132197,2.25,24.810557423489193,-128.05410418348328
2017,2,0.20493577981656574,3.790656260527946,0.45259649946706065,18.102161561744996,2.25,24.800350101556567,-128.06920008172708
2017,3,0.20435440226399565,3.8385629187160704,0.4548601662480732,18.103676546613794,2.25,24.851454033841932,-127.87543871291929
2017,4,0.29998511955179574,3.879632253788171,0.45698775704906175,18.10479253315895,2.25,24.99139766354798,-127.36020891020927
2017,5,0.30743890240791777,3.8799845003786735,0.4645216789722387,18.111200489820583,2.25,25.013145571579415,-127.29643288886273
2017,6,0.24880534975930652,3.8193938719550418,0.471116040435346,18.115960713575845,2.25,24.905275975725537,-127.69780392907215
2017,7,0.23177528527078664,3.6580376374631975,0.4643545843865247,18.10081331585698,2.25,24.70498082297749,-128.4199658280274
2017,8,0.16056107172134754,3.5616420406337945,0.4563152880047703,18.0833731040798,2.25,24.511891504439713,-129.1587230205823
2017,9,0.1468224507624396,3.517657021572437,0.44791688410292724,18.06804933718057,2.25,24.430445693618374,-129.47157289144573
2017,10,0.1773056021849421,3.5676193236868006,0.44529578830617744,18.062436279649386,2.25,24.50265699382731,-129.25596541009455
2017,11,0.19632752001793818,3.6244795126984375,0.44632429671977375,18.062645611430657,2.25,24.579776940866807,-128.99765776079985
2017,12,0.23059858162182678,3.698178232743005,0.44780704387704623,18.063832020338975,2.25,24.69041587858085,-128.64636766563964
2018,1,0.23160850344139838,3.7625730208538806,0.4511942803995705,18.06660605223758,2.25,24.76198185693243,-128.34085966932818
2018,2,0.23517150252893615,3.8177623949249777,0.45411795851753073,18.069386553827545,2.25,24.82643840979899,-128.09204230706317
2018,3,0.24385515762204554,3.8822212394366282,0.4572587175596326,18.072461986610854,2.25,24.90579710122916,-127.79993319275074
2018,4,0.3012367674457978,3.9141879237053687,0.46142541944192883,18.07630799898647,2.25,25.003158109579562,-127.4521170371844
2018,5,0.3247344764346635,3.9363606620181733,0.46885944467823304,18.083767074910792,2.25,25.063721658041864,-127.24887725131096
2018,6,0.2892986442833125,3.9100458896348247,0.4772635922113653,18.091872600164695,2.25,25.018480726294197,-127.42743307577508
2018,7,0.1979762969176369,3.72011298919751,0.47414298316236675,18.082367675472025,2.25,24.72459994474954,-128.49352350082356
2018,8,0.13115727217656534,3.5737331606914875,0.46090510987727934,18.06003857903221,2.25,24.47583412177754,-129.40290574013648
2018,9,0.13995426340457956,3.4886454553213793,0.4455990883379113,18.03505065158616,2.25,24.35924945865003,-129.87397025287584
2018,10,0.2030552859216629,3.5802780910821927,0.4435544428083205,18.030607591064527,2.25,24.507495410876704,-129.3840281050458
2018,11,0.20771937763294973,3.6323404081040196,0.44562972470063855,18.031943706739057,2.25,24.567633217176663,-129.20271014902485
2018,12,0.20338160429684748,3.671196801557923,0.4478027690918148,18.033627988777813,2.25,24.606009163724398,-129.0995736911097
2019,1,0.22844080178246928,3.7482142914830168,0.4499139580788697,18.035128608097427,2.25,24.711697659441782,-128.6704186266209
2019,2,0.19294000260297695,3.7685860959733346,0.4533112741638787,18.037819439204885,2.25,24.702656811945076,-128.68459513246722
2019,3,0.19131139276217088,3.8073490907646197,0.45498541600117104,18.03888870772472,2.25,24.74253460725268,-128.52934612626032
2019,4,0.29255137176743873,3.854027244695644,0.4565212542162566,18.039675161966198,2.25,24.892775032645538,-127.98954315927801
2019,5,0.32141501651008664,3.8781403337349873,0.4635254062475148,18.046378150114204,2.25,24.95945890660679,-127.76443890175926
2019,6,0.2584605500927478,3.826971287825112,0.4715158600578284,18.053133271361588,2.25,24.860080969337275,-128.13539130640783
2019,7,0.21317005215137028,3.6397654273844275,0.46455772448811056,18.0374126541035,2.25,24.604905858127406,-129.07304159683298
2019,8,0.1588529150451509,3.5341519277277613,0.453606952479403,18.016218016268645,2.25,24.41282981152096,-129.78085672596663
2019,9,0.15613322795754309,3.489576662086342,0.4436352068527455,17.99794523660856,2.25,24.337290333505194,-130.1038606301147
2019,10,0.20088036994446373,3.5663147391884684,0.44188316366327507,17.993263617298318,2.25,24.452341890094523,-129.73494339449954
2019,11,0.21465232069960516,3.627549875972198,0.44387109810775693,17.994546800044954,2.25,24.530620094824513,-129.49061979587617
2019,12,0.24831592105720618,3.7144706133834315,0.44622207323395113,17.99650463171909,2.25,24.65551323939368,-129.09552451060424
2020,1,0.2480359421427608,3.7756823512533355,0.4499268631937876,18.000022688677692,2.25,24.723667845267578,-128.80940202554157
2020,2,0.18408255402454454,3.7788692714456626,0.45444590434864274,18.003468115668255,2.25,24.670865845487107,-128.96901786409276
2020,3,0.19902357916100155,3.83231055185181,0.4557500335037399,18.0042869869521,2.25,24.74137115146865,-128.7064707896546
2020,4,0.2507868636599298,3.8448031299680605,0.45754122742659087,18.00523181616269,2.25,24.808363037217273,-128.46571917038918
2020,5,0.2677750538698616,3.8290007797559635,0.4614291832615468,18.007533593182092,2.25,24.815738610069467,-128.4487554215842
2020,6,0.2694772063699748,3.8079720759620623,0.4660051692692251,18.010809956893212,2.25,24.804264408494475,-128.50755065556385
2020,7,0.233172713158514,3.6449212478145476,0.46156353492874197,17.997821133545223,2.25,24.587478629447027,-129.2883918872795
2020,8,0.1512541169915493,3.5355993126398078,0.453690278443289,17.980439155576608,2.25,24.370982863651253,-130.11186619901494
2020,9,0.13236538344376608,3.4573243740829898,0.4425013580495529,17.960553165177387,2.25,24.242744280753698,-130.6176943494034
2020,10,0.20767927817273385,3.561347461398488,0.44043160696498146,17.956222320537144,2.25,24.415680667073346,-130.0391279600356
2020,11,0.19667363974959423,3.598678591373689,0.44279113450633445,17.957712402946786,2.25,24.445855768576404,-129.96228309653713
2020,12,0.2291350199060428,3.672763888819736,0.44440268540217653,17.958959516931206,2.25,24.55526111105916,-129.61503880417612
